Unnamed: 0,Age,Sex,Job,Housing,Credit_amount,Duration,Purpose,Risk,Age_Group,Risk_int
0,67,male,2,own,1169,6,radio/TV,good,Elder,1
1,22,female,2,own,5951,48,radio/TV,bad,Young,0
2,49,male,1,own,2096,12,education,good,Senior,1
3,45,male,2,free,7882,42,furniture/equipment,good,Senior,1
4,53,male,2,free,4870,24,car,bad,Senior,0
5,35,male,1,free,9055,36,education,good,Young Adults,1
6,53,male,2,own,2835,24,furniture/equipment,good,Senior,1
7,35,male,3,rent,6948,36,car,good,Young Adults,1
8,61,male,1,own,3059,12,radio/TV,good,Elder,1
9,28,male,3,own,5234,30,car,bad,Young,0
10,25,female,2,rent,1295,12,car,bad,Young,0
11,24,female,2,rent,4308,48,business,bad,Young,0
12,22,female,2,own,1567,12,radio/TV,good,Young,1
13,60,male,1,own,1199,24,car,bad,Elder,0
14,28,female,2,rent,1403,15,car,good,Young,1
15,32,female,1,own,1282,24,radio/TV,bad,Young Adults,0
16,53,male,2,own,2424,24,radio/TV,good,Senior,1
17,25,male,2,own,8072,30,business,good,Young,1
18,44,female,3,free,12579,24,car,bad,Senior,0
19,31,male,2,own,3430,24,radio/TV,good,Young Adults,1
20,48,male,2,own,2134,9,car,good,Senior,1
21,44,male,2,rent,2647,6,radio/TV,good,Senior,1
22,48,male,1,rent,2241,10,car,good,Senior,1
23,44,male,2,own,1804,12,car,good,Senior,1
24,26,male,2,own,2069,10,furniture/equipment,good,Young,1
25,36,male,1,own,1374,6,furniture/equipment,good,Young Adults,1
26,39,male,1,own,426,6,radio/TV,good,Young Adults,1
27,42,female,2,rent,409,12,radio/TV,good,Senior,1
28,34,male,2,own,2415,7,radio/TV,good,Young Adults,1
29,63,male,2,own,6836,60,business,bad,Elder,0
30,36,male,2,own,1913,18,business,good,Young Adults,1
31,27,male,2,own,4020,24,furniture/equipment,good,Young,1
32,30,male,2,own,5866,18,car,good,Young Adults,1
33,57,male,1,rent,1264,12,business,good,Elder,1
34,33,female,3,own,1474,12,furniture/equipment,good,Young Adults,1
35,25,male,1,own,4746,45,radio/TV,bad,Young,0
36,31,male,2,free,6110,48,education,good,Young Adults,1
37,37,male,2,own,2100,18,radio/TV,bad,Young Adults,0
38,37,male,2,own,1225,10,domestic appliances,good,Young Adults,1
39,24,male,2,own,458,9,radio/TV,good,Young,1
40,30,male,3,own,2333,30,radio/TV,good,Young Adults,1
41,26,male,2,own,1158,12,radio/TV,good,Young,1
42,44,male,1,own,6204,18,repairs,good,Senior,1
43,24,male,2,rent,6187,30,car,good,Young,1
44,58,female,1,free,6143,48,car,bad,Elder,0
45,35,female,3,own,1393,11,car,good,Young Adults,1
46,39,male,2,own,2299,36,radio/TV,good,Young Adults,1
47,23,female,0,rent,1352,6,car,good,Young,1
48,39,male,1,own,7228,11,car,good,Young Adults,1
49,28,female,2,own,2073,12,radio/TV,good,Young,1
50,29,male,1,own,2333,24,furniture/equipment,good,Young,1
51,30,male,3,own,5965,27,car,good,Young Adults,1
52,25,male,2,own,1262,12,radio/TV,good,Young,1
53,31,male,2,own,3378,18,car,good,Young Adults,1
54,57,male,2,free,2225,36,car,bad,Elder,0
55,26,male,1,own,783,6,car,good,Young,1
56,52,male,3,own,6468,12,radio/TV,bad,Senior,0
57,31,female,2,own,9566,36,radio/TV,good,Young Adults,1
58,23,female,3,own,1961,18,car,good,Young,1
59,23,female,1,rent,6229,36,furniture/equipment,bad,Young,0
60,27,male,2,own,1391,9,business,good,Young,1
61,50,male,2,own,1537,15,radio/TV,good,Senior,1
62,61,male,3,free,1953,36,business,bad,Elder,0
63,25,male,2,own,14421,48,business,bad,Young,0
64,26,female,2,own,3181,24,radio/TV,good,Young,1
65,48,male,2,own,5190,27,repairs,good,Senior,1
66,29,female,2,own,2171,12,radio/TV,good,Young,1
67,22,male,2,own,1007,12,car,good,Young,1
68,37,male,2,free,1819,36,education,bad,Young Adults,0
69,25,female,2,own,2394,36,radio/TV,good,Young,1
70,30,female,2,own,8133,36,car,good,Young Adults,1
71,46,male,1,rent,730,7,radio/TV,good,Senior,1
72,51,male,3,free,1164,8,vacation/others,good,Senior,1
73,41,female,1,own,5954,42,business,good,Senior,1
74,40,male,3,own,1977,36,education,bad,Young Adults,0
75,66,male,3,free,1526,12,car,good,Elder,1
76,34,male,2,own,3965,42,radio/TV,bad,Young Adults,0
77,51,male,2,own,4771,11,radio/TV,good,Senior,1
78,39,male,1,own,9436,54,car,good,Young Adults,1
79,22,male,2,own,3832,30,furniture/equipment,good,Young,1
80,44,female,2,own,5943,24,radio/TV,bad,Senior,0
81,47,male,2,own,1213,15,radio/TV,good,Senior,1
82,24,female,1,rent,1568,18,business,good,Young,1
83,58,female,1,own,1755,24,vacation/others,good,Elder,1
84,52,male,1,own,2315,10,radio/TV,good,Senior,1
85,29,female,3,own,1412,12,business,good,Young,1
86,27,female,2,own,1295,18,furniture/equipment,good,Young,1
87,47,male,2,free,12612,36,education,bad,Senior,0
88,30,male,3,own,2249,18,car,good,Young Adults,1
89,28,male,2,own,1108,12,repairs,bad,Young,0
90,56,male,2,own,618,12,radio/TV,good,Elder,1
91,54,male,2,own,1409,12,car,good,Senior,1
92,33,female,1,own,797,12,radio/TV,bad,Young Adults,0
93,20,male,2,rent,3617,24,furniture/equipment,good,Young,1
94,54,male,2,own,1318,12,car,good,Senior,1
95,58,male,2,rent,15945,54,business,bad,Elder,0
96,61,female,2,own,2012,12,education,good,Elder,1
97,34,male,2,own,2622,18,business,good,Young Adults,1
98,36,male,2,own,2337,36,radio/TV,good,Young Adults,1
99,36,male,3,rent,7057,20,car,good,Young Adults,1
100,41,male,1,rent,1469,24,car,good,Senior,1
101,24,male,2,rent,2323,36,radio/TV,good,Young,1
102,24,female,2,own,932,6,radio/TV,good,Young,1
103,35,male,2,rent,1919,9,furniture/equipment,good,Young Adults,1
104,26,male,2,rent,2445,12,car,good,Young,1
105,39,male,3,own,11938,24,vacation/others,bad,Young Adults,0
106,39,male,3,own,6458,18,car,bad,Young Adults,0
107,32,male,2,own,6078,12,car,good,Young Adults,1
108,30,female,2,own,7721,24,furniture/equipment,good,Young Adults,1
109,35,male,2,own,1410,14,business,good,Young Adults,1
110,31,male,2,own,1449,6,business,good,Young Adults,1
111,23,female,2,rent,392,15,education,good,Young,1
112,28,male,1,rent,6260,18,car,good,Young,1
113,25,female,2,own,7855,36,car,bad,Young,0
114,35,male,2,own,1680,12,radio/TV,good,Young Adults,1
115,47,male,2,own,3578,48,radio/TV,good,Senior,1
116,30,female,3,own,7174,42,radio/TV,bad,Young Adults,0
117,27,female,2,rent,2132,10,furniture/equipment,good,Young,1
118,23,female,2,own,4281,33,furniture/equipment,bad,Young,0
119,36,male,3,own,2366,12,car,good,Young Adults,1
120,25,female,2,own,1835,21,radio/TV,bad,Young,0
121,41,female,3,rent,3868,24,car,good,Senior,1
122,24,male,1,rent,1768,12,furniture/equipment,good,Young,1
123,63,male,2,free,781,10,car,good,Elder,1
124,27,female,2,rent,1924,18,furniture/equipment,bad,Young,0
125,30,male,2,own,2121,12,car,good,Young Adults,1
126,40,male,1,own,701,12,radio/TV,good,Young Adults,1
127,30,male,2,own,639,12,repairs,bad,Young Adults,0
128,34,male,3,own,1860,12,car,good,Young Adults,1
129,29,female,2,own,3499,12,car,bad,Young,0
130,24,female,2,own,8487,48,car,good,Young,1
131,29,male,2,own,6887,36,education,bad,Young,0
132,27,male,1,own,2708,15,furniture/equipment,good,Young,1
133,47,male,2,free,1984,18,furniture/equipment,good,Senior,1
134,21,female,2,own,10144,60,radio/TV,good,Young,1
135,38,female,2,own,1240,12,radio/TV,good,Young Adults,1
136,27,male,2,own,8613,27,car,good,Young,1
137,66,male,1,own,766,12,radio/TV,bad,Elder,0
138,35,male,2,own,2728,15,radio/TV,good,Young Adults,1
139,44,female,1,rent,1881,12,radio/TV,good,Senior,1
140,27,male,0,own,709,6,car,good,Young,1
141,30,female,3,own,4795,36,radio/TV,good,Young Adults,1
142,27,male,3,own,3416,27,radio/TV,good,Young,1
143,22,male,2,own,2462,18,furniture/equipment,bad,Young,0
144,23,female,2,own,2288,21,furniture/equipment,good,Young,1
145,30,male,2,own,3566,48,business,good,Young Adults,1
146,39,female,2,own,860,6,car,good,Young Adults,1
147,51,female,2,own,682,12,car,good,Senior,1
148,28,male,2,own,5371,36,furniture/equipment,good,Young,1
149,46,male,2,own,1582,18,radio/TV,good,Senior,1
150,42,male,2,free,1346,6,radio/TV,good,Senior,1
151,38,male,2,own,1924,10,radio/TV,good,Young Adults,1
152,24,male,2,own,5848,36,radio/TV,good,Young,1
153,29,female,2,rent,7758,24,car,good,Young,1
154,36,male,3,rent,6967,24,business,good,Young Adults,1
155,20,female,2,rent,1282,12,furniture/equipment,bad,Young,0
156,48,male,2,own,1288,9,repairs,good,Senior,1
157,45,male,1,own,339,12,education,good,Senior,1
158,38,male,2,own,3512,24,car,good,Young Adults,1
159,34,male,1,own,1898,6,radio/TV,good,Young Adults,1
160,36,male,2,own,2872,24,radio/TV,good,Young Adults,1
161,30,female,2,own,1055,18,car,good,Young Adults,1
162,36,male,2,own,1262,15,domestic appliances,good,Young Adults,1
163,70,male,3,free,7308,10,car,good,Elder,1
164,36,male,2,own,909,36,car,good,Young Adults,1
165,32,male,2,own,2978,6,furniture/equipment,good,Young Adults,1
166,33,female,2,own,1131,18,furniture/equipment,bad,Young Adults,0
167,20,female,2,own,1577,11,furniture/equipment,good,Young,1
168,25,female,2,rent,3972,24,furniture/equipment,good,Young,1
169,31,male,2,own,1935,24,business,bad,Young Adults,0
170,33,male,2,rent,950,15,car,bad,Young Adults,0
171,26,female,2,own,763,12,furniture/equipment,good,Young,1
172,34,female,3,own,2064,24,furniture/equipment,bad,Young Adults,0
173,33,male,2,own,1414,8,radio/TV,good,Young Adults,1
174,26,male,2,own,3414,21,education,bad,Young,0
175,53,female,3,own,7485,30,car,bad,Senior,0
176,42,male,2,own,2577,12,furniture/equipment,good,Senior,1
177,52,male,2,own,338,6,radio/TV,good,Senior,1
178,31,male,3,rent,1963,12,radio/TV,good,Young Adults,1
179,65,male,2,own,571,21,car,good,Elder,1
180,28,male,2,own,9572,36,business,bad,Young,0
181,30,male,3,own,4455,36,business,bad,Young Adults,0
182,40,male,1,own,1647,21,car,bad,Young Adults,0
183,50,male,2,own,3777,24,furniture/equipment,good,Senior,1
184,36,male,2,own,884,18,car,bad,Young Adults,0
185,31,male,2,own,1360,15,radio/TV,good,Young Adults,1
186,74,female,3,free,5129,9,car,bad,Elder,0
187,68,male,0,free,1175,16,car,good,Elder,1
188,20,male,2,own,674,12,radio/TV,bad,Young,0
189,33,female,2,own,3244,18,furniture/equipment,good,Young Adults,1
190,54,male,3,own,4591,24,business,bad,Senior,0
191,34,male,1,free,3844,48,business,bad,Young Adults,0
192,36,male,2,own,3915,27,business,bad,Young Adults,0
193,29,male,2,rent,2108,6,radio/TV,good,Young,1
194,21,male,2,rent,3031,45,radio/TV,bad,Young,0
195,34,female,3,own,1501,9,education,bad,Young Adults,0
196,28,female,2,own,1382,6,radio/TV,good,Young,1
197,27,female,2,rent,951,12,furniture/equipment,bad,Young,0
198,36,male,2,free,2760,24,car,good,Young Adults,1
199,40,male,3,own,4297,18,furniture/equipment,bad,Young Adults,0
200,52,male,2,own,936,9,education,good,Senior,1
201,27,male,1,own,1168,12,car,good,Young,1
202,26,male,2,own,5117,27,business,good,Young,1
203,21,male,2,rent,902,12,education,bad,Young,0
204,38,male,1,own,1495,12,car,good,Young Adults,1
205,38,male,3,free,10623,30,car,good,Young Adults,1
206,43,male,2,own,1935,12,furniture/equipment,good,Senior,1
207,26,male,2,own,1424,12,domestic appliances,good,Young,1
208,21,male,1,own,6568,24,business,good,Young,1
209,55,male,2,own,1413,12,car,good,Senior,1
210,33,male,2,own,3074,9,radio/TV,good,Young Adults,1
211,45,female,1,own,3835,36,radio/TV,good,Senior,1
212,50,male,2,own,5293,27,business,bad,Senior,0
213,66,male,3,own,1908,30,business,bad,Elder,0
214,51,male,2,own,3342,36,radio/TV,good,Senior,1
215,39,female,1,own,932,6,education,good,Young Adults,1
216,31,male,2,own,3104,18,business,good,Young Adults,1
217,23,male,2,own,3913,36,radio/TV,good,Young,1
218,24,male,1,rent,3021,24,furniture/equipment,good,Young,1
219,64,female,2,own,1364,10,car,good,Elder,1
220,26,male,1,own,625,12,radio/TV,good,Young,1
221,23,female,2,rent,1200,12,education,good,Young,1
222,30,male,2,own,707,12,radio/TV,good,Young Adults,1
223,32,male,2,own,2978,24,business,good,Young Adults,1
224,30,male,2,own,4657,15,car,good,Young Adults,1
225,27,male,2,own,2613,36,repairs,good,Young,1
226,27,male,2,own,10961,48,radio/TV,bad,Young,0
227,53,male,3,free,7865,12,furniture/equipment,bad,Senior,0
228,22,male,2,own,1478,9,radio/TV,bad,Young,0
229,22,male,2,free,3149,24,furniture/equipment,good,Young,1
230,26,male,2,own,4210,36,radio/TV,bad,Young,0
231,51,male,1,free,2507,9,car,good,Senior,1
232,35,male,2,own,2141,12,radio/TV,good,Young Adults,1
233,25,male,1,own,866,18,radio/TV,good,Young,1
234,42,male,1,own,1544,4,radio/TV,good,Senior,1
235,30,male,3,own,1823,24,radio/TV,bad,Young Adults,0
236,23,male,0,own,14555,6,car,bad,Young,0
237,61,male,1,rent,2767,21,business,bad,Elder,0
238,35,female,2,own,1291,12,radio/TV,good,Young Adults,1
239,39,male,2,own,2522,30,radio/TV,good,Young Adults,1
240,29,female,2,own,915,24,car,bad,Young,0
241,51,male,2,own,1595,6,radio/TV,good,Senior,1
242,24,male,2,free,4605,48,car,bad,Young,0
243,27,female,2,own,1185,12,business,good,Young,1
244,35,female,1,own,3447,12,education,good,Young Adults,1
245,25,male,2,own,1258,24,business,good,Young,1
246,52,male,2,own,717,12,radio/TV,good,Senior,1
247,35,male,2,rent,1204,6,car,good,Young Adults,1
248,26,male,2,own,1925,24,furniture/equipment,good,Young,1
249,22,female,2,rent,433,18,radio/TV,bad,Young,0
250,39,female,1,own,666,6,car,good,Young Adults,1
251,46,female,1,own,2251,12,furniture/equipment,good,Senior,1
252,24,female,2,own,2150,30,car,bad,Young,0
253,35,male,2,own,4151,24,furniture/equipment,good,Young Adults,1
254,24,male,2,own,2030,9,furniture/equipment,good,Young,1
255,27,male,1,own,7418,60,radio/TV,good,Young,1
256,35,male,1,own,2684,24,radio/TV,good,Young Adults,1
257,29,male,2,free,2149,12,radio/TV,bad,Young,0
258,23,female,2,own,3812,15,car,good,Young,1
259,57,female,1,own,1154,11,radio/TV,good,Elder,1
260,27,male,2,own,1657,12,furniture/equipment,good,Young,1
261,55,female,2,own,1603,24,radio/TV,good,Senior,1
262,36,male,3,free,5302,18,car,good,Young Adults,1
263,57,female,1,free,2748,12,education,good,Elder,1
264,32,male,1,own,1231,10,car,good,Young Adults,1
265,37,male,2,own,802,15,radio/TV,bad,Young Adults,0
266,36,male,2,own,6304,36,business,good,Young Adults,1
267,38,female,2,own,1533,24,radio/TV,good,Young Adults,1
268,45,male,3,own,8978,14,car,bad,Senior,0
269,25,male,2,own,999,24,radio/TV,good,Young,1
270,32,male,2,own,2662,18,car,good,Young Adults,1
271,37,female,2,rent,1402,12,furniture/equipment,good,Young Adults,1
272,36,male,3,free,12169,48,car,good,Young Adults,1
273,28,male,2,own,3060,48,radio/TV,bad,Young,0
274,34,male,1,own,11998,30,repairs,bad,Young Adults,0
275,32,male,2,own,2697,9,radio/TV,good,Young Adults,1
276,26,female,2,own,2404,18,radio/TV,good,Young,1
277,49,male,1,own,1262,12,furniture/equipment,good,Senior,1
278,32,female,2,own,4611,6,furniture/equipment,bad,Young Adults,0
279,29,male,3,rent,1901,24,radio/TV,good,Young,1
280,23,male,2,rent,3368,15,car,good,Young,1
281,50,male,2,own,1574,12,furniture/equipment,good,Senior,1
282,49,male,1,own,1445,18,radio/TV,good,Senior,1
283,63,male,2,own,1520,15,furniture/equipment,good,Elder,1
284,37,male,2,own,3878,24,car,good,Young Adults,1
285,35,female,1,own,10722,47,car,good,Young Adults,1
286,26,male,2,own,4788,48,car,good,Young,1
287,31,male,3,free,7582,48,vacation/others,good,Young Adults,1
288,49,female,2,own,1092,12,radio/TV,good,Senior,1
289,48,male,2,own,1024,24,radio/TV,bad,Senior,0
290,26,male,2,own,1076,12,business,good,Young,1
291,28,male,3,rent,9398,36,car,bad,Young,0
292,44,female,3,free,6419,24,car,good,Senior,1
293,56,male,2,free,4796,42,car,good,Elder,1
294,46,male,3,own,7629,48,business,good,Senior,1
295,26,female,2,own,9960,48,furniture/equipment,bad,Young,0
296,20,female,2,rent,4675,12,car,good,Young,1
297,45,male,1,own,1287,10,car,good,Senior,1
298,43,male,2,own,2515,18,furniture/equipment,good,Senior,1
299,32,male,2,own,2745,21,furniture/equipment,good,Young Adults,1
300,54,female,0,own,672,6,car,good,Senior,1
301,42,female,2,own,3804,36,radio/TV,bad,Senior,0
302,37,male,1,own,1344,24,car,bad,Young Adults,0
303,49,male,2,own,1038,10,car,good,Senior,1
304,44,male,2,free,10127,48,car,bad,Senior,0
305,33,male,2,own,1543,6,furniture/equipment,good,Young Adults,1
306,24,female,1,rent,4811,30,car,good,Young,1
307,33,male,1,own,727,12,radio/TV,bad,Young Adults,0
308,24,female,2,own,1237,8,furniture/equipment,bad,Young,0
309,22,male,1,rent,276,9,car,good,Young,1
310,40,male,0,free,5381,48,vacation/others,good,Young Adults,1
311,25,male,2,own,5511,24,furniture/equipment,good,Young,1
312,26,female,2,own,3749,24,furniture/equipment,good,Young,1
313,25,male,1,own,685,12,car,bad,Young,0
314,29,male,1,own,1494,4,car,good,Young,1
315,31,male,2,own,2746,36,furniture/equipment,bad,Young Adults,0
316,38,male,1,own,708,12,furniture/equipment,good,Young Adults,1
317,48,female,1,own,4351,24,furniture/equipment,good,Senior,1
318,32,male,2,own,701,12,education,good,Young Adults,1
319,27,female,1,own,3643,15,furniture/equipment,good,Young,1
320,28,male,3,own,4249,30,car,bad,Young,0
321,32,male,2,own,1938,24,radio/TV,bad,Young Adults,0
322,34,male,3,free,2910,24,car,good,Young Adults,1
323,28,male,2,own,2659,18,furniture/equipment,good,Young,1
324,36,female,2,own,1028,18,car,good,Young Adults,1
325,39,male,1,own,3398,8,car,good,Young Adults,1
326,49,male,2,rent,5801,12,furniture/equipment,good,Senior,1
327,34,female,2,own,1525,24,car,good,Young Adults,1
328,31,male,2,own,4473,36,radio/TV,good,Young Adults,1
329,28,male,2,own,1068,6,radio/TV,good,Young,1
330,75,male,3,free,6615,24,car,good,Elder,1
331,30,female,2,own,1864,18,education,bad,Young Adults,0
332,24,female,3,own,7408,60,car,bad,Young,0
333,24,female,1,rent,11590,48,car,bad,Young,0
334,23,male,2,rent,4110,24,furniture/equipment,bad,Young,0
335,44,male,3,rent,3384,6,furniture/equipment,bad,Senior,0
336,23,female,1,own,2101,13,radio/TV,good,Young,1
337,24,female,2,rent,1275,15,domestic appliances,bad,Young,0
338,28,male,2,own,4169,24,furniture/equipment,good,Young,1
339,31,male,1,own,1521,10,furniture/equipment,good,Young Adults,1
340,24,female,2,free,5743,24,education,good,Young,1
341,26,female,1,rent,3599,21,furniture/equipment,good,Young,1
342,25,male,2,rent,3213,18,radio/TV,good,Young,1
343,33,male,3,own,4439,18,business,good,Young Adults,1
344,37,male,1,own,3949,10,car,good,Young Adults,1
345,43,female,1,own,1459,15,radio/TV,good,Senior,1
346,23,male,2,own,882,13,radio/TV,good,Young,1
347,23,female,0,rent,3758,24,radio/TV,good,Young,1
348,34,male,1,own,1743,6,business,good,Young Adults,1
349,32,male,2,free,1136,9,education,bad,Young Adults,0
350,23,female,2,rent,1236,9,domestic appliances,good,Young,1
351,29,female,2,own,959,9,furniture/equipment,bad,Young,0
352,38,male,3,own,3229,18,car,good,Young Adults,1
353,28,male,2,rent,6199,12,radio/TV,bad,Young,0
354,46,male,2,free,727,10,education,good,Senior,1
355,23,male,1,own,1246,24,car,bad,Young,0
356,49,male,2,own,2331,12,radio/TV,good,Senior,1
357,26,male,3,own,4463,36,radio/TV,bad,Young,0
358,28,male,2,own,776,12,radio/TV,good,Young,1
359,23,female,2,rent,2406,30,furniture/equipment,bad,Young,0
360,61,male,2,free,1239,18,education,good,Elder,1
361,37,male,3,own,3399,12,radio/TV,good,Young Adults,1
362,36,female,2,own,2247,12,car,good,Young Adults,1
363,21,male,2,rent,1766,6,furniture/equipment,good,Young,1
364,25,male,0,own,2473,18,furniture/equipment,bad,Young,0
365,36,male,2,own,1542,12,business,good,Young Adults,1
366,27,male,2,own,3850,18,car,good,Young,1
367,22,female,2,rent,3650,18,furniture/equipment,good,Young,1
368,42,male,2,own,3446,36,furniture/equipment,bad,Senior,0
369,40,female,2,rent,3001,18,furniture/equipment,good,Young Adults,1
370,36,male,2,own,3079,36,car,good,Young Adults,1
371,33,male,2,own,6070,18,radio/TV,good,Young Adults,1
372,23,female,2,rent,2146,10,furniture/equipment,good,Young,1
373,63,male,3,free,13756,60,car,good,Elder,1
374,60,female,3,free,14782,60,vacation/others,bad,Elder,0
375,37,female,2,rent,7685,48,business,bad,Young Adults,0
376,34,male,2,own,2320,18,radio/TV,good,Young Adults,1
377,36,male,2,free,846,7,radio/TV,good,Young Adults,1
378,57,male,3,free,14318,36,car,bad,Elder,0
379,52,female,1,own,362,6,car,good,Senior,1
380,39,male,2,own,2212,20,furniture/equipment,good,Young Adults,1
381,38,female,3,free,12976,18,car,bad,Young Adults,0
382,25,female,2,rent,1283,22,car,good,Young,1
383,26,male,2,own,1330,12,car,good,Young,1
384,26,male,1,own,4272,30,business,good,Young,1
385,25,female,2,own,2238,18,radio/TV,good,Young,1
386,21,female,2,rent,1126,18,radio/TV,good,Young,1
387,40,male,3,own,7374,18,furniture/equipment,good,Young Adults,1
388,27,male,2,own,2326,15,business,good,Young,1
389,27,female,2,own,1449,9,business,good,Young,1
390,30,male,3,own,1820,18,car,good,Young Adults,1
391,19,female,1,rent,983,12,furniture/equipment,good,Young,1
392,39,male,3,free,3249,36,car,good,Young Adults,1
393,31,female,2,own,1957,6,radio/TV,good,Young Adults,1
394,31,male,3,own,2406,9,furniture/equipment,good,Young Adults,1
395,32,male,2,rent,11760,39,education,good,Young Adults,1
396,55,female,3,free,2578,12,furniture/equipment,good,Senior,1
397,46,male,2,own,2348,36,furniture/equipment,good,Senior,1
398,46,male,2,rent,1223,12,car,bad,Senior,0
399,43,female,1,own,1516,24,radio/TV,good,Senior,1
400,39,male,2,own,1473,18,radio/TV,good,Young Adults,1
401,28,male,2,own,1887,18,business,good,Young,1
402,27,male,2,own,8648,24,business,bad,Young,0
403,27,male,1,own,802,14,car,good,Young,1
404,43,male,2,own,2899,18,car,good,Senior,1
405,22,male,2,own,2039,24,radio/TV,bad,Young,0
406,43,male,2,own,2197,24,car,good,Senior,1
407,27,male,2,own,1053,15,radio/TV,good,Young,1
408,26,male,3,own,3235,24,radio/TV,good,Young,1
409,28,male,2,own,939,12,car,bad,Young,0
410,20,female,2,own,1967,24,radio/TV,good,Young,1
411,35,male,3,own,7253,33,car,good,Young Adults,1
412,42,male,3,own,2292,12,business,bad,Senior,0
413,40,male,1,rent,1597,10,car,good,Young Adults,1
414,35,female,2,own,1381,24,car,bad,Young Adults,0
415,35,male,2,own,5842,36,car,good,Young Adults,1
416,33,male,1,own,2579,12,car,bad,Young Adults,0
417,23,female,2,rent,8471,18,education,good,Young,1
418,31,female,3,own,2782,21,car,good,Young Adults,1
419,33,female,2,own,1042,18,car,bad,Young Adults,0
420,20,female,2,rent,3186,15,car,good,Young,1
421,30,male,2,own,2028,12,car,good,Young Adults,1
422,47,male,1,own,958,12,car,good,Senior,1
423,34,male,3,own,1591,21,furniture/equipment,good,Young Adults,1
424,25,female,2,own,2762,12,furniture/equipment,bad,Young,0
425,21,male,2,rent,2779,18,car,good,Young,1
426,29,male,2,own,2743,28,radio/TV,good,Young,1
427,46,male,2,own,1149,18,radio/TV,good,Senior,1
428,20,male,2,own,1313,9,furniture/equipment,good,Young,1
429,55,female,0,free,1190,18,repairs,bad,Senior,0
430,74,male,1,own,3448,5,business,good,Elder,1
431,29,male,3,own,11328,24,vacation/others,bad,Young,0
432,36,male,3,free,1872,6,furniture/equipment,good,Young Adults,1
433,33,male,2,own,2058,24,repairs,good,Young Adults,1
434,25,male,2,own,2136,9,furniture/equipment,good,Young,1
435,25,male,2,own,1484,12,radio/TV,bad,Young,0
436,23,male,1,rent,660,6,repairs,good,Young,1
437,37,female,2,own,1287,24,car,good,Young Adults,1
438,65,male,0,own,3394,42,repairs,good,Elder,1
439,26,female,0,own,609,12,business,bad,Young,0
440,39,male,3,own,1884,12,car,good,Young Adults,1
441,30,female,2,own,1620,12,furniture/equipment,good,Young Adults,1
442,29,male,2,own,2629,20,vacation/others,good,Young,1
443,41,male,1,own,719,12,education,bad,Senior,0
444,30,female,3,own,5096,48,furniture/equipment,bad,Young Adults,0
445,41,female,1,rent,1244,9,education,good,Senior,1
446,34,female,2,own,1842,36,car,bad,Young Adults,0
447,35,male,2,own,2576,7,radio/TV,good,Young Adults,1
448,55,female,3,own,1424,12,furniture/equipment,good,Senior,1
449,61,male,2,own,1512,15,repairs,bad,Elder,0
450,30,male,3,own,11054,36,car,good,Young Adults,1
451,29,female,2,own,518,6,radio/TV,good,Young,1
452,34,male,2,own,2759,12,furniture/equipment,good,Young Adults,1
453,35,male,3,own,2670,24,car,good,Young Adults,1
454,31,male,2,own,4817,24,car,bad,Young Adults,0
455,29,female,3,own,2679,24,car,good,Young,1
456,36,male,2,rent,3905,11,car,good,Young Adults,1
457,35,male,2,free,3386,12,car,bad,Young Adults,0
458,27,female,2,own,343,6,domestic appliances,good,Young,1
459,32,male,2,own,4594,18,radio/TV,good,Young Adults,1
460,37,male,2,own,3620,36,furniture/equipment,good,Young Adults,1
461,36,male,2,own,1721,15,car,good,Young Adults,1
462,34,female,3,rent,3017,12,furniture/equipment,good,Young Adults,1
463,38,male,2,own,754,12,education,good,Young Adults,1
464,34,male,2,own,1950,18,business,good,Young Adults,1
465,63,male,2,own,2924,24,car,good,Elder,1
466,29,female,1,rent,1659,24,radio/TV,bad,Young,0
467,32,male,2,own,7238,48,radio/TV,good,Young Adults,1
468,26,female,2,own,2764,33,business,good,Young,1
469,35,male,1,own,4679,24,car,good,Young Adults,1
470,22,male,2,rent,3092,24,radio/TV,bad,Young,0
471,23,female,2,own,448,6,education,bad,Young,0
472,28,male,1,own,654,9,car,bad,Young,0
473,36,male,3,own,1238,6,education,good,Young Adults,1
474,33,male,2,own,1245,18,radio/TV,bad,Young Adults,0
475,26,female,2,rent,3114,18,furniture/equipment,bad,Young,0
476,24,male,2,own,2569,39,car,good,Young,1
477,25,male,2,own,5152,24,radio/TV,good,Young,1
478,39,male,1,own,1037,12,business,good,Young Adults,1
479,44,male,2,own,1478,15,furniture/equipment,good,Senior,1
480,23,female,1,own,3573,12,radio/TV,good,Young,1
481,26,male,2,own,1201,24,car,good,Young,1
482,57,female,2,rent,3622,30,furniture/equipment,good,Elder,1
483,30,female,2,own,960,15,furniture/equipment,good,Young Adults,1
484,44,male,2,own,1163,12,car,good,Senior,1
485,47,male,3,own,1209,6,car,bad,Senior,0
486,52,male,2,own,3077,12,radio/TV,good,Senior,1
487,62,female,2,free,3757,24,car,good,Elder,1
488,35,male,1,rent,1418,10,car,good,Young Adults,1
489,26,male,2,rent,3518,6,car,good,Young,1
490,26,male,2,own,1934,12,radio/TV,good,Young,1
491,42,female,3,free,8318,27,business,bad,Senior,0
492,27,female,2,own,1237,6,radio/TV,good,Young,1
493,38,male,2,own,368,6,radio/TV,good,Young Adults,1
494,39,male,1,rent,2122,12,car,good,Young Adults,1
495,20,male,2,own,2996,24,furniture/equipment,bad,Young,0
496,29,male,3,rent,9034,36,furniture/equipment,bad,Young,0
497,40,male,2,own,1585,24,furniture/equipment,good,Young Adults,1
498,32,male,1,own,1301,18,radio/TV,good,Young Adults,1
499,28,male,2,own,1323,6,car,good,Young,1
500,27,female,2,own,3123,24,car,bad,Young,0
501,42,male,2,free,5493,36,car,good,Senior,1
502,49,male,2,own,1126,9,radio/TV,good,Senior,1
503,38,male,2,own,1216,24,radio/TV,bad,Young Adults,0
504,24,female,2,rent,1207,24,car,bad,Young,0
505,27,male,1,own,1309,10,car,bad,Young,0
506,36,male,2,own,2360,15,car,good,Young Adults,1
507,34,male,3,own,6850,15,car,bad,Young Adults,0
508,28,male,2,own,1413,24,radio/TV,good,Young,1
509,45,male,3,own,8588,39,car,good,Senior,1
510,26,male,2,own,759,12,car,bad,Young,0
511,32,male,3,free,4686,36,car,good,Young Adults,1
512,26,male,2,rent,2687,15,business,good,Young,1
513,20,male,2,rent,585,12,radio/TV,good,Young,1
514,54,male,2,own,2255,24,car,good,Senior,1
515,37,female,2,own,609,6,car,good,Young Adults,1
516,40,male,1,own,1361,6,car,good,Young Adults,1
517,23,female,2,rent,7127,36,furniture/equipment,bad,Young,0
518,43,male,2,own,1203,6,car,good,Senior,1
519,36,male,2,free,700,6,radio/TV,good,Young Adults,1
520,44,male,2,free,5507,24,repairs,good,Senior,1
521,24,female,2,own,3190,18,radio/TV,bad,Young,0
522,53,male,2,free,7119,48,furniture/equipment,bad,Senior,0
523,23,female,2,own,3488,24,car,good,Young,1
524,26,female,1,own,1113,18,radio/TV,good,Young,1
525,30,male,2,own,7966,26,car,good,Young Adults,1
526,31,female,2,own,1532,15,education,good,Young Adults,1
527,42,male,1,own,1503,4,radio/TV,good,Senior,1
528,31,male,2,rent,2302,36,radio/TV,bad,Young Adults,0
529,41,male,1,own,662,6,car,good,Senior,1
530,32,male,2,own,2273,36,education,good,Young Adults,1
531,28,female,2,rent,2631,15,car,bad,Young,0
532,41,male,2,rent,1503,12,car,good,Senior,1
533,26,male,2,own,1311,24,radio/TV,good,Young,1
534,25,male,2,own,3105,24,radio/TV,good,Young,1
535,33,male,2,rent,2319,21,education,bad,Young Adults,0
536,75,female,3,own,1374,6,car,good,Elder,1
537,37,female,2,own,3612,18,furniture/equipment,good,Young Adults,1
538,42,male,3,free,7763,48,car,bad,Senior,0
539,45,female,1,own,3049,18,furniture/equipment,good,Senior,1
540,23,male,2,rent,1534,12,radio/TV,bad,Young,0
541,60,male,2,free,2032,24,car,good,Elder,1
542,31,male,2,own,6350,30,furniture/equipment,bad,Young Adults,0
543,34,male,1,own,2864,18,furniture/equipment,bad,Young Adults,0
544,61,male,1,own,1255,12,car,good,Elder,1
545,43,male,2,free,1333,24,car,bad,Senior,0
546,37,female,2,own,2022,24,car,good,Young Adults,1
547,32,male,2,own,1552,24,radio/TV,good,Young Adults,1
548,24,female,1,own,626,12,radio/TV,bad,Young,0
549,35,male,2,free,8858,48,car,good,Young Adults,1
550,23,female,2,own,996,12,repairs,good,Young,1
551,45,male,1,own,1750,6,radio/TV,good,Senior,1
552,34,male,2,own,6999,48,radio/TV,bad,Young Adults,0
553,27,male,2,own,1995,12,car,good,Young,1
554,67,female,3,own,1199,9,education,good,Elder,1
555,22,male,2,own,1331,12,radio/TV,bad,Young,0
556,28,female,2,own,2278,18,car,bad,Young,0
557,29,female,2,own,5003,21,car,bad,Young,0
558,27,male,2,own,3552,24,furniture/equipment,bad,Young,0
559,31,male,1,own,1928,18,furniture/equipment,bad,Young Adults,0
560,49,male,2,free,2964,24,car,good,Senior,1
561,24,male,1,rent,1546,24,radio/TV,bad,Young,0
562,29,female,2,own,683,6,radio/TV,good,Young,1
563,37,male,2,free,12389,36,car,bad,Young Adults,0
564,37,male,3,own,4712,24,business,good,Young Adults,1
565,23,female,2,rent,1553,24,radio/TV,good,Young,1
566,36,male,2,own,1372,12,car,bad,Young Adults,0
567,34,male,2,own,2578,24,radio/TV,good,Young Adults,1
568,41,male,2,own,3979,48,radio/TV,good,Senior,1
569,31,female,2,own,6758,48,radio/TV,bad,Young Adults,0
570,23,female,1,rent,3234,24,furniture/equipment,bad,Young,0
571,38,male,2,own,5954,30,radio/TV,good,Young Adults,1
572,26,female,3,rent,5433,24,car,good,Young,1
573,22,female,1,own,806,15,business,good,Young,1
574,27,male,1,own,1082,9,radio/TV,good,Young,1
575,24,female,2,own,2788,15,furniture/equipment,good,Young,1
576,27,female,2,own,2930,12,radio/TV,good,Young,1
577,33,female,2,own,1927,24,education,good,Young Adults,1
578,27,male,2,own,2820,36,car,bad,Young,0
579,27,male,1,own,937,24,education,good,Young,1
580,30,male,2,own,1056,18,car,bad,Young Adults,0
581,49,male,1,own,3124,12,car,good,Senior,1
582,26,female,2,rent,1388,9,furniture/equipment,good,Young,1
583,33,male,1,rent,2384,36,repairs,bad,Young Adults,0
584,52,female,3,free,2133,12,car,good,Senior,1
585,20,female,2,rent,2039,18,furniture/equipment,bad,Young,0
586,36,male,2,rent,2799,9,car,good,Young Adults,1
587,21,male,1,own,1289,12,furniture/equipment,good,Young,1
588,47,male,1,own,1217,18,domestic appliances,bad,Senior,0
589,60,male,2,own,2246,12,furniture/equipment,bad,Elder,0
590,58,female,1,own,385,12,radio/TV,good,Elder,1
591,42,female,2,rent,1965,24,car,good,Senior,1
592,36,female,1,own,1572,21,business,good,Young Adults,1
593,20,female,1,rent,2718,24,car,bad,Young,0
594,40,male,3,own,1358,24,vacation/others,bad,Young Adults,0
595,32,female,1,own,931,6,car,bad,Young Adults,0
596,23,female,2,rent,1442,24,car,bad,Young,0
597,36,male,1,own,4241,24,business,bad,Young Adults,0
598,31,male,2,own,2775,18,car,bad,Young Adults,0
599,32,male,2,free,3863,24,business,good,Young Adults,1
600,45,female,2,own,2329,7,radio/TV,good,Senior,1
601,30,female,2,own,918,9,furniture/equipment,bad,Young Adults,0
602,34,female,1,free,1837,24,education,bad,Young Adults,0
603,28,female,3,own,3349,36,furniture/equipment,bad,Young,0
604,23,female,2,own,1275,10,furniture/equipment,good,Young,1
605,22,male,2,own,2828,24,furniture/equipment,good,Young,1
606,74,male,3,own,4526,24,business,good,Elder,1
607,50,female,2,free,2671,36,radio/TV,bad,Senior,0
608,33,male,2,own,2051,18,radio/TV,good,Young Adults,1
609,45,male,2,free,1300,15,car,good,Senior,1
610,22,female,2,own,741,12,domestic appliances,bad,Young,0
611,48,female,1,free,1240,10,car,bad,Senior,0
612,29,female,2,own,3357,21,radio/TV,good,Young,1
613,22,female,2,rent,3632,24,car,good,Young,1
614,22,female,2,own,1808,18,furniture/equipment,bad,Young,0
615,48,male,3,own,12204,48,business,good,Senior,1
616,27,male,3,free,9157,60,radio/TV,good,Young,1
617,37,male,2,rent,3676,6,car,good,Young Adults,1
618,21,female,2,rent,3441,30,furniture/equipment,bad,Young,0
619,49,male,1,own,640,12,car,good,Senior,1
620,27,male,2,own,3652,21,business,good,Young,1
621,32,male,2,own,1530,18,car,bad,Young Adults,0
622,38,male,2,own,3914,48,business,bad,Young Adults,0
623,22,female,2,rent,1858,12,furniture/equipment,good,Young,1
624,65,male,2,free,2600,18,radio/TV,bad,Elder,0
625,35,male,2,own,1979,15,radio/TV,good,Young Adults,1
626,41,male,2,own,2116,6,furniture/equipment,good,Senior,1
627,29,male,2,own,1437,9,car,bad,Young,0
628,36,male,2,own,4042,42,furniture/equipment,good,Young Adults,1
629,64,male,1,own,3832,9,education,good,Elder,1
630,28,female,2,own,3660,24,radio/TV,good,Young,1
631,44,male,2,own,1553,18,furniture/equipment,bad,Senior,0
632,23,male,2,own,1444,15,radio/TV,good,Young,1
633,19,female,2,rent,1980,9,furniture/equipment,bad,Young,0
634,25,female,1,own,1355,24,car,bad,Young,0
635,47,male,2,own,1393,12,education,good,Senior,1
636,28,female,2,own,1376,24,radio/TV,good,Young,1
637,21,male,2,own,15653,60,radio/TV,good,Young,1
638,34,female,2,own,1493,12,radio/TV,good,Young Adults,1
639,26,male,2,own,4370,42,radio/TV,bad,Young,0
640,27,female,0,own,750,18,education,bad,Young,0
641,38,male,1,own,1308,15,repairs,good,Young Adults,1
642,40,male,3,own,4623,15,education,bad,Young Adults,0
643,33,male,2,own,1851,24,radio/TV,good,Young Adults,1
644,32,male,3,own,1880,18,radio/TV,good,Young Adults,1
645,27,male,2,rent,7980,36,business,bad,Young,0
646,32,male,2,own,4583,30,furniture/equipment,good,Young Adults,1
647,26,female,2,own,1386,12,car,bad,Young,0
648,38,male,2,free,947,24,car,bad,Young Adults,0
649,40,male,1,rent,684,12,education,bad,Young Adults,0
650,50,male,3,free,7476,48,education,good,Senior,1
651,37,male,1,own,1922,12,furniture/equipment,bad,Young Adults,0
652,45,male,2,own,2303,24,car,bad,Senior,0
653,42,male,3,own,8086,36,car,bad,Senior,0
654,35,male,2,own,2346,24,car,good,Young Adults,1
655,22,male,2,free,3973,14,car,good,Young,1
656,41,male,1,own,888,12,car,bad,Senior,0
657,37,male,2,own,10222,48,radio/TV,good,Young Adults,1
658,28,female,2,own,4221,30,business,good,Young,1
659,41,male,2,own,6361,18,furniture/equipment,good,Senior,1
660,23,male,2,rent,1297,12,radio/TV,good,Young,1
661,23,male,2,own,900,12,car,bad,Young,0
662,50,male,2,own,2241,21,furniture/equipment,good,Senior,1
663,35,male,3,own,1050,6,furniture/equipment,good,Young Adults,1
664,50,female,1,own,1047,6,education,good,Senior,1
665,27,male,3,own,6314,24,vacation/others,good,Young,1
666,34,male,2,own,3496,30,furniture/equipment,good,Young Adults,1
667,27,female,2,own,3609,48,business,good,Young,1
668,43,male,2,rent,4843,12,car,bad,Senior,0
669,47,male,2,own,3017,30,radio/TV,good,Senior,1
670,27,male,1,own,4139,24,business,good,Young,1
671,31,male,2,own,5742,36,business,good,Young Adults,1
672,42,male,3,own,10366,60,car,good,Senior,1
673,24,male,2,own,2080,6,car,good,Young,1
674,41,male,1,own,2580,21,business,bad,Senior,0
675,26,female,3,rent,4530,30,radio/TV,good,Young,1
676,33,male,2,own,5150,24,furniture/equipment,good,Young Adults,1
677,24,male,2,own,5595,72,radio/TV,bad,Young,0
678,64,male,1,rent,2384,24,radio/TV,good,Elder,1
679,26,female,2,own,1453,18,radio/TV,good,Young,1
680,56,female,2,own,1538,6,education,good,Elder,1
681,37,male,2,free,2279,12,radio/TV,good,Young Adults,1
682,33,male,2,own,1478,15,radio/TV,good,Young Adults,1
683,47,male,2,free,5103,24,radio/TV,good,Senior,1
684,31,male,1,own,9857,36,business,good,Young Adults,1
685,34,male,2,free,6527,60,car,good,Young Adults,1
686,27,male,2,own,1347,10,radio/TV,good,Young,1
687,30,male,2,free,2862,36,car,good,Young Adults,1
688,35,male,2,own,2753,9,radio/TV,good,Young Adults,1
689,31,male,2,own,3651,12,car,good,Young Adults,1
690,25,male,2,own,975,15,furniture/equipment,good,Young,1
691,25,female,1,own,2631,15,repairs,good,Young,1
692,29,male,2,own,2896,24,radio/TV,good,Young,1
693,44,male,1,own,4716,6,car,good,Senior,1
694,28,male,2,own,2284,24,radio/TV,good,Young,1
695,50,male,2,rent,1236,6,car,good,Senior,1
696,29,male,2,own,1103,12,radio/TV,good,Young,1
697,38,female,0,own,926,12,car,good,Young Adults,1
698,24,male,2,own,1800,18,radio/TV,good,Young,1
699,40,male,3,rent,1905,15,education,good,Young Adults,1
700,29,female,1,rent,1123,12,furniture/equipment,bad,Young,0
701,46,male,2,free,6331,48,car,bad,Senior,0
702,47,female,2,free,1377,24,radio/TV,good,Senior,1
703,41,male,2,own,2503,30,business,good,Senior,1
704,32,female,2,own,2528,27,business,good,Young Adults,1
705,35,female,2,free,5324,15,car,good,Young Adults,1
706,24,male,2,own,6560,48,car,bad,Young,0
707,25,female,2,rent,2969,12,furniture/equipment,bad,Young,0
708,25,female,2,own,1206,9,radio/TV,good,Young,1
709,37,male,1,own,2118,9,radio/TV,good,Young Adults,1
710,32,male,3,own,629,18,radio/TV,good,Young Adults,1
711,35,female,2,free,1198,6,education,bad,Young Adults,0
712,46,male,3,own,2476,21,car,good,Senior,1
713,25,male,1,own,1138,9,radio/TV,good,Young,1
714,27,male,3,own,14027,60,car,bad,Young,0
715,63,male,2,own,7596,30,car,good,Elder,1
716,40,male,2,own,3077,30,radio/TV,good,Young Adults,1
717,32,male,3,free,1505,18,radio/TV,good,Young Adults,1
718,31,male,2,own,3148,24,radio/TV,good,Young Adults,1
719,31,male,2,own,6148,20,car,good,Young Adults,1
720,34,male,3,own,1337,9,radio/TV,bad,Young Adults,0
721,24,female,2,rent,433,6,education,bad,Young,0
722,24,female,1,own,1228,12,car,bad,Young,0
723,66,female,1,own,790,9,radio/TV,good,Elder,1
724,21,female,2,rent,2570,27,car,bad,Young,0
725,41,female,1,own,250,6,car,good,Senior,1
726,47,male,1,own,1316,15,radio/TV,good,Senior,1
727,25,female,2,rent,1882,18,radio/TV,bad,Young,0
728,59,female,2,rent,6416,48,business,bad,Elder,0
729,36,male,2,own,1275,24,business,good,Young Adults,1
730,33,male,2,own,6403,24,radio/TV,good,Young Adults,1
731,21,male,1,rent,1987,24,radio/TV,bad,Young,0
732,44,female,1,own,760,8,radio/TV,good,Senior,1
733,28,female,2,rent,2603,24,car,good,Young,1
734,37,female,2,own,3380,4,car,good,Young Adults,1
735,29,female,0,own,3990,36,domestic appliances,good,Young,1
736,23,female,3,rent,11560,24,car,bad,Young,0
737,35,male,1,own,4380,18,car,good,Young Adults,1
738,45,male,3,own,6761,6,car,good,Senior,1
739,26,female,1,rent,4280,30,business,bad,Young,0
740,32,male,2,own,2325,24,car,good,Young Adults,1
741,23,male,1,own,1048,10,radio/TV,good,Young,1
742,41,male,2,own,3160,21,radio/TV,good,Senior,1
743,22,male,2,own,2483,24,furniture/equipment,good,Young,1
744,30,male,3,own,14179,39,furniture/equipment,good,Young Adults,1
745,28,male,1,own,1797,13,business,good,Young,1
746,23,female,2,rent,2511,15,car,good,Young,1
747,37,female,1,own,1274,12,car,bad,Young Adults,0
748,26,male,2,own,5248,21,car,good,Young,1
749,33,male,2,own,3029,15,car,good,Young Adults,1
750,49,female,2,own,428,6,furniture/equipment,good,Senior,1
751,23,female,1,own,976,18,car,bad,Young,0
752,23,female,1,rent,841,12,business,good,Young,1
753,25,female,2,own,5771,30,radio/TV,good,Young,1
754,55,male,2,free,1555,12,repairs,bad,Senior,0
755,32,female,2,rent,1285,24,car,bad,Young Adults,0
756,74,male,0,own,1299,6,car,good,Elder,1
757,39,male,2,free,1271,15,radio/TV,bad,Young Adults,0
758,31,male,2,own,1393,24,car,good,Young Adults,1
759,35,male,2,own,691,12,car,bad,Young Adults,0
760,59,female,2,own,5045,15,car,good,Elder,1
761,24,female,2,rent,2124,18,furniture/equipment,bad,Young,0
762,24,male,1,own,2214,12,radio/TV,good,Young,1
763,30,male,3,free,12680,21,car,bad,Young Adults,0
764,27,male,2,own,2463,24,car,good,Young,1
765,40,male,1,own,1155,12,radio/TV,good,Young Adults,1
766,31,male,1,own,3108,30,furniture/equipment,bad,Young Adults,0
767,31,female,2,rent,2901,10,car,good,Young Adults,1
768,28,male,2,rent,3617,12,furniture/equipment,good,Young,1
769,63,male,1,own,1655,12,radio/TV,good,Elder,1
770,26,female,2,rent,2812,24,car,good,Young,1
771,25,female,3,own,8065,36,education,bad,Young,0
772,36,male,3,own,3275,21,car,good,Young Adults,1
773,52,male,2,own,2223,24,radio/TV,good,Senior,1
774,66,male,0,free,1480,12,car,good,Elder,1
775,25,female,2,rent,1371,24,car,bad,Young,0
776,37,male,2,own,3535,36,car,good,Young Adults,1
777,25,female,2,own,3509,18,radio/TV,good,Young,1
778,38,male,3,own,5711,36,car,good,Young Adults,1
779,67,female,2,own,3872,18,repairs,good,Elder,1
780,25,male,2,own,4933,39,radio/TV,bad,Young,0
781,60,male,2,own,1940,24,car,good,Elder,1
782,31,male,1,own,1410,12,education,good,Young Adults,1
783,23,female,1,own,836,12,car,bad,Young,0
784,60,male,3,own,6468,20,car,good,Elder,1
785,35,male,1,own,1941,18,business,good,Young Adults,1
786,40,male,2,own,2675,22,radio/TV,good,Young Adults,1
787,38,male,2,own,2751,48,car,good,Young Adults,1
788,50,male,2,free,6224,48,education,bad,Senior,0
789,27,male,2,own,5998,40,education,bad,Young,0
790,39,female,2,own,1188,21,business,bad,Young Adults,0
791,41,male,3,own,6313,24,car,good,Senior,1
792,27,male,2,own,1221,6,furniture/equipment,good,Young,1
793,51,male,2,free,2892,24,furniture/equipment,good,Senior,1
794,32,male,2,rent,3062,24,furniture/equipment,good,Young Adults,1
795,22,female,2,rent,2301,9,furniture/equipment,good,Young,1
796,51,male,2,free,7511,18,car,bad,Senior,0
797,22,female,1,rent,1258,12,furniture/equipment,good,Young,1
798,54,male,2,own,717,24,car,good,Senior,1
799,35,male,0,own,1549,9,car,good,Young Adults,1
800,54,male,2,free,1597,24,education,good,Senior,1
801,48,female,1,rent,1795,18,radio/TV,good,Senior,1
802,24,female,2,own,4272,20,furniture/equipment,good,Young,1
803,35,male,2,own,976,12,radio/TV,good,Young Adults,1
804,24,female,0,rent,7472,12,car,good,Young,1
805,24,male,2,own,9271,36,car,bad,Young,0
806,26,male,1,own,590,6,radio/TV,good,Young,1
807,65,male,2,own,930,12,radio/TV,good,Elder,1
808,55,male,3,free,9283,42,car,good,Senior,1
809,26,female,0,rent,1778,15,car,bad,Young,0
810,26,male,2,own,907,8,business,good,Young,1
811,28,male,1,own,484,6,radio/TV,good,Young,1
812,24,male,2,own,9629,36,car,bad,Young,0
813,54,male,2,own,3051,48,domestic appliances,bad,Senior,0
814,46,male,2,free,3931,48,car,bad,Senior,0
815,54,female,2,rent,7432,36,car,good,Senior,1
816,62,male,2,own,1338,6,domestic appliances,good,Elder,1
817,24,female,2,rent,1554,6,radio/TV,good,Young,1
818,43,male,3,own,15857,36,vacation/others,good,Senior,1
819,26,male,2,own,1345,18,radio/TV,bad,Young,0
820,27,male,2,own,1101,12,car,good,Young,1
821,24,male,2,own,3016,12,radio/TV,good,Young,1
822,41,male,2,own,2712,36,furniture/equipment,bad,Senior,0
823,47,male,1,own,731,8,car,good,Senior,1
824,35,male,3,own,3780,18,furniture/equipment,good,Young Adults,1
825,30,male,2,own,1602,21,car,good,Young Adults,1
826,33,female,2,rent,3966,18,car,bad,Young Adults,0
827,36,male,2,own,4165,18,business,bad,Young Adults,0
828,47,male,2,free,8335,36,car,bad,Senior,0
829,38,male,2,free,6681,48,business,good,Young Adults,1
830,44,male,2,own,2375,24,business,good,Senior,1
831,23,female,2,rent,1216,18,car,bad,Young,0
832,29,male,2,rent,11816,45,business,bad,Young,0
833,42,female,2,own,5084,24,radio/TV,good,Senior,1
834,25,female,1,own,2327,15,radio/TV,bad,Young,0
835,48,male,2,own,1082,12,car,bad,Senior,0
836,21,female,2,own,886,12,radio/TV,good,Young,1
837,23,female,1,rent,601,4,furniture/equipment,good,Young,1
838,63,male,2,own,2957,24,car,good,Elder,1
839,46,male,2,own,2611,24,radio/TV,good,Senior,1
840,29,male,2,own,5179,36,furniture/equipment,bad,Young,0
841,28,male,1,own,2993,21,car,good,Young,1
842,23,female,2,own,1943,18,repairs,bad,Young,0
843,50,male,2,own,1559,24,business,good,Senior,1
844,47,male,2,own,3422,18,furniture/equipment,good,Senior,1
845,35,male,2,own,3976,21,furniture/equipment,good,Young Adults,1
846,68,male,2,rent,6761,18,car,bad,Elder,0
847,28,male,2,own,1249,24,car,good,Young,1
848,59,male,2,own,1364,9,radio/TV,good,Elder,1
849,57,male,1,own,709,12,radio/TV,bad,Elder,0
850,33,male,2,rent,2235,20,car,bad,Young Adults,0
851,43,male,2,own,4042,24,car,good,Senior,1
852,35,male,2,free,1471,15,radio/TV,good,Young Adults,1
853,32,male,1,free,1442,18,car,bad,Young Adults,0
854,45,male,2,own,10875,36,car,good,Senior,1
855,33,male,2,own,1474,24,car,good,Young Adults,1
856,40,female,2,own,894,10,education,good,Young Adults,1
857,28,male,2,free,3343,15,furniture/equipment,good,Young,1
858,29,female,2,own,3959,15,car,bad,Young,0
859,26,male,2,rent,3577,9,car,good,Young,1
860,27,male,2,own,5804,24,car,good,Young,1
861,28,male,2,own,2169,18,business,bad,Young,0
862,35,female,2,own,2439,24,radio/TV,bad,Young Adults,0
863,32,male,1,own,4526,27,furniture/equipment,good,Young Adults,1
864,25,male,1,rent,2210,10,furniture/equipment,bad,Young,0
865,20,female,2,rent,2221,15,furniture/equipment,good,Young,1
866,27,female,2,own,2389,18,radio/TV,good,Young,1
867,42,male,2,own,3331,12,furniture/equipment,good,Senior,1
868,37,male,2,own,7409,36,business,good,Young Adults,1
869,24,female,2,rent,652,12,furniture/equipment,good,Young,1
870,40,female,2,own,7678,36,furniture/equipment,good,Young Adults,1
871,46,male,2,own,1343,6,car,good,Senior,1
872,26,male,2,own,1382,24,business,good,Young,1
873,24,female,2,own,874,15,domestic appliances,good,Young,1
874,29,male,1,own,3590,12,furniture/equipment,good,Young,1
875,40,female,2,own,1322,11,car,good,Young Adults,1
876,36,male,3,free,1940,18,radio/TV,good,Young Adults,1
877,28,male,2,own,3595,36,radio/TV,good,Young,1
878,27,male,3,free,1422,9,car,bad,Young,0
879,36,male,2,own,6742,30,radio/TV,good,Young Adults,1
880,38,male,3,own,7814,24,car,good,Young Adults,1
881,48,male,2,free,9277,24,car,good,Senior,1
882,36,male,2,own,2181,30,car,good,Young Adults,1
883,65,female,0,own,1098,18,radio/TV,good,Elder,1
884,43,male,2,own,4057,24,furniture/equipment,bad,Senior,0
885,53,female,2,own,795,12,education,bad,Senior,0
886,34,male,2,own,2825,24,business,good,Young Adults,1
887,23,male,2,own,15672,48,business,bad,Young,0
888,34,male,3,own,6614,36,car,good,Young Adults,1
889,40,male,2,rent,7824,28,car,good,Young Adults,1
890,43,male,3,own,2442,27,business,good,Senior,1
891,46,male,2,own,1829,15,radio/TV,good,Senior,1
892,38,male,1,own,2171,12,car,good,Young Adults,1
893,34,male,2,own,5800,36,car,good,Young Adults,1
894,29,male,2,own,1169,18,radio/TV,good,Young,1
895,31,male,3,own,8947,36,car,good,Young Adults,1
896,28,female,3,rent,2606,21,radio/TV,good,Young,1
897,35,female,2,own,1592,12,furniture/equipment,good,Young Adults,1
898,33,female,1,rent,2186,15,furniture/equipment,good,Young Adults,1
899,42,male,2,own,4153,18,furniture/equipment,bad,Senior,0
900,43,male,2,rent,2625,16,car,bad,Senior,0
901,44,male,2,own,3485,20,car,good,Senior,1
902,42,male,2,free,10477,36,car,good,Senior,1
903,40,male,2,rent,1386,15,radio/TV,good,Young Adults,1
904,36,male,3,own,1278,24,radio/TV,good,Young Adults,1
905,20,male,3,rent,1107,12,radio/TV,good,Young,1
906,24,male,1,own,3763,21,car,good,Young,1
907,27,male,2,own,3711,36,education,good,Young,1
908,46,female,1,own,3594,15,car,good,Senior,1
909,33,female,1,own,3195,9,car,good,Young Adults,1
910,34,female,2,own,4454,36,radio/TV,good,Young Adults,1
911,25,female,1,own,4736,24,furniture/equipment,bad,Young,0
912,25,female,2,own,2991,30,radio/TV,good,Young,1
913,28,male,2,own,2142,11,business,good,Young,1
914,31,male,2,rent,3161,24,business,bad,Young Adults,0
915,32,female,3,own,18424,48,vacation/others,bad,Young Adults,0
916,32,male,2,own,2848,10,car,good,Young Adults,1
917,68,male,3,own,14896,6,car,bad,Elder,0
918,33,male,2,own,2359,24,furniture/equipment,bad,Young Adults,0
919,39,male,3,rent,3345,24,furniture/equipment,bad,Young Adults,0
920,28,female,2,own,1817,18,furniture/equipment,good,Young,1
921,37,male,3,own,12749,48,radio/TV,good,Young Adults,1
922,22,female,2,rent,1366,9,radio/TV,bad,Young,0
923,30,male,2,rent,2002,12,car,good,Young Adults,1
924,55,male,2,own,6872,24,furniture/equipment,bad,Senior,0
925,46,male,2,own,697,12,car,bad,Senior,0
926,21,female,2,rent,1049,18,furniture/equipment,good,Young,1
927,39,male,2,free,10297,48,car,bad,Young Adults,0
928,58,male,2,own,1867,30,radio/TV,good,Elder,1
929,43,male,1,own,1344,12,car,good,Senior,1
930,24,male,1,own,1747,24,furniture/equipment,good,Young,1
931,22,female,2,own,1670,9,radio/TV,bad,Young,0
932,30,male,2,own,1224,9,car,good,Young Adults,1
933,42,male,2,own,522,12,radio/TV,good,Senior,1
934,23,female,2,own,1498,12,radio/TV,good,Young,1
935,30,male,3,own,1919,30,radio/TV,bad,Young Adults,0
936,28,female,1,own,745,9,radio/TV,bad,Young,0
937,30,male,3,rent,2063,6,radio/TV,good,Young Adults,1
938,42,male,2,free,6288,60,education,bad,Senior,0
939,46,male,3,own,6842,24,car,good,Senior,1
940,45,male,3,own,3527,12,car,good,Senior,1
941,31,male,1,own,1546,10,car,good,Young Adults,1
942,31,male,2,own,929,24,furniture/equipment,good,Young Adults,1
943,42,male,1,own,1455,4,car,good,Senior,1
944,46,female,2,rent,1845,15,furniture/equipment,good,Senior,1
945,30,female,2,own,8358,48,car,good,Young Adults,1
946,30,male,2,free,3349,24,furniture/equipment,bad,Young Adults,0
947,38,male,3,own,2859,12,car,good,Young Adults,1
948,43,male,1,own,1533,18,furniture/equipment,bad,Senior,0
949,31,male,2,own,3621,24,radio/TV,bad,Young Adults,0
950,40,male,0,own,3590,18,business,good,Young Adults,1
951,24,male,2,own,2145,36,business,bad,Young,0
952,28,female,2,rent,4113,24,car,bad,Young,0
953,26,female,3,own,10974,36,furniture/equipment,bad,Young,0
954,29,female,2,own,1893,12,car,good,Young,1
955,57,female,3,rent,1231,24,radio/TV,good,Elder,1
956,49,male,1,own,3656,30,radio/TV,good,Senior,1
957,37,male,1,own,1154,9,radio/TV,good,Young Adults,1
958,45,male,1,own,4006,28,car,bad,Senior,0
959,30,male,2,free,3069,24,furniture/equipment,good,Young Adults,1
960,30,male,2,rent,1740,6,radio/TV,good,Young Adults,1
961,47,male,2,own,2353,21,car,good,Senior,1
962,29,male,2,own,3556,15,car,good,Young,1
963,35,male,2,own,2397,24,radio/TV,bad,Young Adults,0
964,22,male,1,own,454,6,repairs,good,Young,1
965,26,female,2,own,1715,30,radio/TV,good,Young,1
966,23,male,1,own,2520,27,radio/TV,bad,Young,0
967,54,female,3,rent,3568,15,radio/TV,good,Senior,1
968,29,male,2,rent,7166,42,radio/TV,good,Young,1
969,40,male,1,own,3939,11,car,good,Young Adults,1
970,22,male,2,own,1514,15,repairs,good,Young,1
971,43,male,1,own,7393,24,car,good,Senior,1
972,29,female,0,rent,1193,24,car,bad,Young,0
973,36,male,2,rent,7297,60,business,bad,Young Adults,0
974,33,female,2,own,2831,30,radio/TV,good,Young Adults,1
975,57,female,1,own,1258,24,radio/TV,good,Elder,1
976,64,female,2,own,753,6,radio/TV,good,Elder,1
977,42,male,2,own,2427,18,business,good,Senior,1
978,47,male,1,own,2538,24,car,bad,Senior,0
979,25,male,2,rent,1264,15,car,bad,Young,0
980,49,male,2,own,8386,30,furniture/equipment,bad,Senior,0
981,33,male,3,rent,4844,48,business,bad,Young Adults,0
982,28,female,3,own,2923,21,car,good,Young,1
983,26,male,2,own,8229,36,car,bad,Young,0
984,30,male,1,own,2028,24,furniture/equipment,good,Young Adults,1
985,25,female,2,rent,1433,15,furniture/equipment,good,Young,1
986,33,male,2,own,6289,42,business,good,Young Adults,1
987,64,female,2,own,1409,13,radio/TV,good,Elder,1
988,29,male,3,free,6579,24,car,good,Young,1
989,48,male,1,own,1743,24,radio/TV,good,Senior,1
990,37,male,1,own,3565,12,education,good,Young Adults,1
991,34,male,1,own,1569,15,radio/TV,good,Young Adults,1
992,23,male,1,rent,1936,18,radio/TV,good,Young,1
993,30,male,3,own,3959,36,furniture/equipment,good,Young Adults,1
994,50,male,2,own,2390,12,car,good,Senior,1
995,31,female,1,own,1736,12,furniture/equipment,good,Young Adults,1
996,40,male,3,own,3857,30,car,good,Young Adults,1
997,38,male,2,own,804,12,radio/TV,good,Young Adults,1
998,23,male,2,free,1845,45,radio/TV,bad,Young,0
999,27,male,2,own,4576,45,car,good,Young,1
